email;senha
user1_ebac@hotmail.com;senha123
user2_ebac@hotmail.com;senha123
user3_ebac@hotmail.com;senha123
user4_ebac@hotmail.com;senha123
user5_ebac@hotmail.com;senha123
user6_ebac@hotmail.com;senha123
user7_ebac@hotmail.com;senha123
user8_ebac@hotmail.com;senha123
user9_ebac@hotmail.com;senha123
user10_ebac@hotmail.com;senha123
user11_ebac@hotmail.com;senha123
user12_ebac@hotmail.com;senha123
user13_ebac@hotmail.com;senha123
user14_ebac@hotmail.com;senha123
user15_ebac@hotmail.com;senha123
user16_ebac@hotmail.com;senha123
user17_ebac@hotmail.com;senha123
user18_ebac@hotmail.com;senha123
user19_ebac@hotmail.com;senha123
user20_ebac@hotmail.com;senha123
